{"name":"dd6d8d18-d200-4779-ad03-adf560c147a8","id":"/providers/Microsoft.Flow/flows/dd6d8d18-d200-4779-ad03-adf560c147a8","type":"Microsoft.Flow/flows","properties":{"apiId":"/providers/Microsoft.PowerApps/apis/shared_logicflows","displayName":"eTMF - Approval flow","definition":{"metadata":{"workflowEntityId":null,"processAdvisorMetadata":null,"flowclientsuspensionreason":"None","flowclientsuspensiontime":null,"flowclientsuspensionreasondetails":null,"creator":{"id":"61a615f0-0704-4970-8103-a8939be58743","type":"User","tenantId":"67bda7ee-fd80-41ef-ac91-358418290a1e"},"provisioningMethod":"FromDefinition","failureAlertSubscription":true,"clientLastModifiedTime":"2022-09-23T14:34:13.8116764Z"},"$schema":"https://schema.management.azure.com/providers/Microsoft.Logic/schemas/2016-06-01/workflowdefinition.json#","contentVersion":"1.0.0.0","parameters":{"$connections":{"defaultValue":{},"type":"Object"},"$authentication":{"defaultValue":{},"type":"SecureObject"},"sharepoint.site":{"defaultValue":"","type":"String"},"sharepoint.list":{"defaultValue":"","type":"String"}},"triggers":{"manual":{"splitOn":"@triggerBody()['rows']","metadata":{"operationMetadataId":"d4c5aeb5-2ce2-40bb-a616-81de9d829e82"},"type":"Request","kind":"ApiConnection","inputs":{"schema":{"type":"object","properties":{"rows":{"type":"array","items":{"type":"object","properties":{"text":{"title":"Approver email addresses","type":"string","x-ms-dynamically-added":true,"description":"Please enter each email address on a separate line","x-ms-content-hint":"TEXT"},"text_6":{"title":"Message","type":"string","x-ms-dynamically-added":true,"description":"Please enter any extra text to include in the email","x-ms-content-hint":"TEXT"},"boolean":{"title":"Ignore warnings","type":"boolean","x-ms-dynamically-added":true,"description":"Select yes to ignore warnings","x-ms-content-hint":"BOOLEAN"},"entity":{"type":"object","properties":{"FileId":{"type":"string"},"ID":{"title":"ID","type":"integer","format":"int64"}},"required":["FileId","ID"]}},"required":["text","text_6","entity"]}}},"required":["rows"]},"host":{"connection":{"name":"@parameters('$connections')['shared_sharepointonline']['connectionId']"},"api":{"runtimeUrl":"https://flow-apim-europe-001-westeurope-01.azure-apim.net/apim/sharepointonline"}},"operationId":"ForASelectedFileHybridTrigger","parameters":{"dataset":"https://SITE_NAME.sharepoint.com/sites/TEAM_NAME","table":"eTMF_GUID"}}}},"actions":{"Get_file_properties":{"runAfter":{"Get_user_email":["Succeeded"]},"metadata":{"flowSystemMetadata":{"swaggerOperationId":"GetFileItem"},"operationMetadataId":"df569a26-7cba-4554-bc8f-7831734bb151"},"type":"ApiConnection","inputs":{"host":{"connection":{"name":"@json(decodeBase64(triggerOutputs().headers['X-MS-APIM-Tokens']))['$connections']['shared_sharepointonline']['connectionId']"},"api":{"runtimeUrl":"https://flow-apim-europe-001-westeurope-01.azure-apim.net/apim/sharepointonline"}},"method":"get","path":"/datasets/@{encodeURIComponent(encodeURIComponent('https://SITE_NAME.sharepoint.com/sites/TEAM_NAME'))}/tables/@{encodeURIComponent(encodeURIComponent('eTMF_GUID'))}/items/@{encodeURIComponent(triggerBody()?['entity']?['ID'])}/getfileitem","authentication":{"type":"Raw","value":"@json(decodeBase64(triggerOutputs().headers['X-MS-APIM-Tokens']))['$ConnectionKey']"},"api":{"runtimeUrl":"https://flow-apim-europe-001-westeurope-01.azure-apim.net/apim/sharepointonline"}}},"Get_file_metadata":{"runAfter":{"Get_file_properties":["Succeeded"]},"metadata":{"flowSystemMetadata":{"swaggerOperationId":"GetFileMetadata"},"operationMetadataId":"cd22830c-933a-466e-8352-b0a62dc5f743"},"type":"ApiConnection","inputs":{"host":{"connection":{"name":"@json(decodeBase64(triggerOutputs().headers['X-MS-APIM-Tokens']))['$connections']['shared_sharepointonline']['connectionId']"},"api":{"runtimeUrl":"https://flow-apim-europe-001-westeurope-01.azure-apim.net/apim/sharepointonline"}},"method":"get","path":"/datasets/@{encodeURIComponent(encodeURIComponent('https://SITE_NAME.sharepoint.com/sites/TEAM_NAME'))}/files/@{encodeURIComponent(body('Get_file_properties')?['{Identifier}'])}","authentication":{"type":"Raw","value":"@json(decodeBase64(triggerOutputs().headers['X-MS-APIM-Tokens']))['$ConnectionKey']"}}},"Check_the_condition_is_satisfied_for_the_approval_flow":{"actions":{"Publish_if_checked_in_and_not_published":{"actions":{"Set_content_approval_status":{"runAfter":{},"metadata":{"operationMetadataId":"a4e1596d-24dd-4f91-bdbd-b1c8cd3e6454","flowSystemMetadata":{"swaggerOperationId":"SetApprovalStatus"}},"type":"ApiConnection","inputs":{"host":{"connection":{"name":"@json(decodeBase64(triggerOutputs().headers['X-MS-APIM-Tokens']))['$connections']['shared_sharepointonline']['connectionId']"},"api":{"runtimeUrl":"https://flow-apim-europe-001-westeurope-01.azure-apim.net/apim/sharepointonline"}},"method":"post","path":"/datasets/@{encodeURIComponent(encodeURIComponent('https://SITE_NAME.sharepoint.com/sites/TEAM_NAME'))}/tables/@{encodeURIComponent(encodeURIComponent('eTMF_GUID'))}/items/@{encodeURIComponent(encodeURIComponent(triggerBody()?['entity']?['ID']))}/setapprovalstatus","queries":{"approvalAction":"Submit","comments":"","entityTag":"@variables('ETag')"},"authentication":{"type":"Raw","value":"@json(decodeBase64(triggerOutputs().headers['X-MS-APIM-Tokens']))['$ConnectionKey']"}}},"Set_ETag":{"runAfter":{"Set_content_approval_status":["Succeeded"]},"metadata":{"operationMetadataId":"19428a29-d2db-4267-ae56-9f8f85c6d166"},"type":"SetVariable","inputs":{"name":"ETag","value":"@body('Set_content_approval_status')?['ETag']"}}},"runAfter":{"Get_file_properties_(publish_status_check)":["Succeeded"]},"expression":{"equals":["@body('Get_file_properties_(publish_status_check)')?['{ModerationStatus}']","Draft"]},"metadata":{"operationMetadataId":"7d14bcd9-5a2d-428d-b855-cfc10f2672c5"},"type":"If"},"Add_file_title_if_one_does_not_already_exist":{"actions":{"Check_out_file_to_add_title_property":{"runAfter":{},"metadata":{"operationMetadataId":"ee02c80d-6434-40fa-9078-ae3a20976ece","flowSystemMetadata":{"swaggerOperationId":"CheckOutFile"}},"type":"ApiConnection","inputs":{"host":{"connection":{"name":"@json(decodeBase64(triggerOutputs().headers['X-MS-APIM-Tokens']))['$connections']['shared_sharepointonline']['connectionId']"},"api":{"runtimeUrl":"https://flow-apim-europe-001-westeurope-01.azure-apim.net/apim/sharepointonline"}},"method":"post","path":"/datasets/@{encodeURIComponent(encodeURIComponent('https://SITE_NAME.sharepoint.com/sites/TEAM_NAME'))}/tables/@{encodeURIComponent(encodeURIComponent('eTMF_GUID'))}/items/@{encodeURIComponent(encodeURIComponent(body('Get_file_properties')?['ID']))}/checkoutfile","authentication":{"type":"Raw","value":"@json(decodeBase64(triggerOutputs().headers['X-MS-APIM-Tokens']))['$ConnectionKey']"}}},"Check_in_file_after_adding_title_property":{"runAfter":{"Update_the_document_title_property":["Succeeded"]},"metadata":{"operationMetadataId":"f0af335d-8cf8-4f47-9ad7-821c98f99073","flowSystemMetadata":{"swaggerOperationId":"CheckInFile"}},"type":"ApiConnection","inputs":{"host":{"connection":{"name":"@json(decodeBase64(triggerOutputs().headers['X-MS-APIM-Tokens']))['$connections']['shared_sharepointonline']['connectionId']"},"api":{"runtimeUrl":"https://flow-apim-europe-001-westeurope-01.azure-apim.net/apim/sharepointonline"}},"method":"post","body":{"comment":"Set title property","checkinType":0},"path":"/datasets/@{encodeURIComponent(encodeURIComponent('https://SITE_NAME.sharepoint.com/sites/TEAM_NAME'))}/tables/@{encodeURIComponent(encodeURIComponent('eTMF_GUID'))}/items/@{encodeURIComponent(encodeURIComponent(body('Get_file_properties')?['ID']))}/checkinfile","authentication":{"type":"Raw","value":"@json(decodeBase64(triggerOutputs().headers['X-MS-APIM-Tokens']))['$ConnectionKey']"}}},"Update_the_document_title_property":{"runAfter":{"Check_out_file_to_add_title_property":["Succeeded"]},"metadata":{"operationMetadataId":"11a8438b-7740-4c5f-a3e2-4bbf663eff8a","flowSystemMetadata":{"swaggerOperationId":"HttpRequest"}},"type":"ApiConnection","inputs":{"host":{"connection":{"name":"@json(decodeBase64(triggerOutputs().headers['X-MS-APIM-Tokens']))['$connections']['shared_sharepointonline']['connectionId']"},"api":{"runtimeUrl":"https://flow-apim-europe-001-westeurope-01.azure-apim.net/apim/sharepointonline"}},"method":"post","body":{"method":"POST","uri":"_api/web/GetList(@a1)/items(@a2)/ValidateUpdateListItem()?@a1='/sites/TEAM_NAME/@{substring(body('Get_file_properties')?['{Path}'],0,sub(length(body('Get_file_properties')?['{Path}']),1))}'&@a2='@{body('Get_file_properties')?['ID']}'","headers":{"Content-Type":"application/json"},"body":"{\"formValues\":[{\"FieldName\":\"Title\",\"FieldValue\":\"@{body('Get_file_properties')?['{Name}']}\"}]}"},"path":"/datasets/@{encodeURIComponent(encodeURIComponent('https://SITE_NAME.sharepoint.com/sites/TEAM_NAME'))}/httprequest","authentication":{"type":"Raw","value":"@json(decodeBase64(triggerOutputs().headers['X-MS-APIM-Tokens']))['$ConnectionKey']"}}},"Get_file_metadata_following_title_update":{"runAfter":{"Check_in_file_after_adding_title_property":["Succeeded"]},"metadata":{"operationMetadataId":"a5d612b1-b031-4aa1-b171-8699e43a7cb5","flowSystemMetadata":{"swaggerOperationId":"GetFileMetadata"}},"type":"ApiConnection","inputs":{"host":{"connection":{"name":"@json(decodeBase64(triggerOutputs().headers['X-MS-APIM-Tokens']))['$connections']['shared_sharepointonline']['connectionId']"},"api":{"runtimeUrl":"https://flow-apim-europe-001-westeurope-01.azure-apim.net/apim/sharepointonline"}},"method":"get","path":"/datasets/@{encodeURIComponent(encodeURIComponent('https://SITE_NAME.sharepoint.com/sites/TEAM_NAME'))}/files/@{encodeURIComponent(body('Get_file_properties')?['{Identifier}'])}","authentication":{"type":"Raw","value":"@json(decodeBase64(triggerOutputs().headers['X-MS-APIM-Tokens']))['$ConnectionKey']"}}},"Set_ETag_following_title_update":{"runAfter":{"Get_file_metadata_following_title_update":["Succeeded"]},"metadata":{"operationMetadataId":"94f6987a-e635-4fe4-8b3d-381f77a8c182"},"type":"SetVariable","inputs":{"name":"ETag","value":"@body('Get_file_metadata_following_title_update')?['ETag']"}}},"runAfter":{},"expression":{"equals":["@empty(body('Get_file_properties')?['Title'])","@bool(true)"]},"metadata":{"operationMetadataId":"052f5f94-f565-456e-9111-71e6aeb03c1b"},"type":"If"},"Get_file_properties_(publish_status_check)":{"runAfter":{"Add_file_title_if_one_does_not_already_exist":["Succeeded"]},"metadata":{"operationMetadataId":"5139286f-d3f7-4024-abca-eddd523df134","flowSystemMetadata":{"swaggerOperationId":"GetFileItem"}},"type":"ApiConnection","inputs":{"host":{"connection":{"name":"@json(decodeBase64(triggerOutputs().headers['X-MS-APIM-Tokens']))['$connections']['shared_sharepointonline']['connectionId']"},"api":{"runtimeUrl":"https://flow-apim-europe-001-westeurope-01.azure-apim.net/apim/sharepointonline"}},"method":"get","path":"/datasets/@{encodeURIComponent(encodeURIComponent('https://SITE_NAME.sharepoint.com/sites/TEAM_NAME'))}/tables/@{encodeURIComponent(encodeURIComponent('eTMF_GUID'))}/items/@{encodeURIComponent(triggerBody()?['entity']?['ID'])}/getfileitem","authentication":{"type":"Raw","value":"@json(decodeBase64(triggerOutputs().headers['X-MS-APIM-Tokens']))['$ConnectionKey']"}}}},"runAfter":{"Confirm_the_file_is_valid":["Succeeded"]},"else":{"actions":{"Create_HTML_table_of_errors_and_warnings":{"runAfter":{},"metadata":{"operationMetadataId":"e3be143a-0575-458e-895c-54af66cc3210"},"type":"Table","inputs":{"from":"@union(variables('FileErrors'),variables('FileWarnings'))","format":"HTML"}},"Terminate_as_the_approval_cannot_be_run":{"runAfter":{"Notify_approval_starter_that_the_condition_is_not_satisfied":["Succeeded","Failed","Skipped","TimedOut"]},"metadata":{"operationMetadataId":"2dab1747-5a99-463c-b4a1-9a6514b4fbb9"},"type":"Terminate","inputs":{"runStatus":"Cancelled"}},"Notify_approval_starter_that_the_condition_is_not_satisfied":{"runAfter":{"Create_HTML_table_of_errors_and_warnings":["Succeeded"]},"metadata":{"operationMetadataId":"e6840f12-0f6e-4e02-b794-0bc075f83838","flowSystemMetadata":{"swaggerOperationId":"SendEmailV3"}},"type":"ApiConnection","inputs":{"host":{"connection":{"name":"@json(decodeBase64(triggerOutputs().headers['X-MS-APIM-Tokens']))['$connections']['shared_sendmail']['connectionId']"},"api":{"runtimeUrl":"https://flow-apim-europe-001-westeurope-01.azure-apim.net/apim/sendmail"}},"method":"post","body":{"to":"@{outputs('Get_user_email')};","subject":"@{concat(outputs('SubjectPrefix'),' Approval flow error')}","text":"@{concat('<p>The approval request for <b>',body('Get_file_properties')?['{Name}'],'</b> could not be started due to the following issues:</p>',replace(body('Create_HTML_table_of_errors_and_warnings'),'<table>','<table border=\"1\" cellpadding=\"3\">'),outputs('EmailFooter'))}","ishtml":true},"path":"/v3/mail/send","queries":{"api-version":"2016-06-01","sp":"/triggers/manual/run","sv":1,"sig":"yjId1e9AoYJDVr2FaJ0hDG5R34kgXxt5AhU_GvwLAkk"},"authentication":{"type":"Raw","value":"@json(decodeBase64(triggerOutputs().headers['X-MS-APIM-Tokens']))['$ConnectionKey']"},"uri":"https://prod-98.westeurope.logic.azure.com:443/workflows/38dd31c6772048c5968c313fe66f745f/triggers/manual/paths/invoke?api-version=2016-06-01&sp=%2Ftriggers%2Fmanual%2Frun&sv=1.0&sig=yjId1e9AoYJDVr2FaJ0hDG5R34kgXxt5AhU_GvwLAkk"}}}},"expression":{"and":[{"equals":["@empty(variables('FileErrors'))","@bool(true)"]},{"or":[{"equals":["@triggerBody()['boolean']","@bool(true)"]},{"equals":["@empty(variables('FileWarnings'))","@bool(true)"]}]}]},"metadata":{"operationMetadataId":"06e69e9f-60d6-4543-9a53-c5166e3458b9"},"type":"If"},"Create_approval":{"runAfter":{"Get_DocType_tags":["Succeeded"]},"metadata":{"operationMetadataId":"1bf4e1ab-7919-441f-985c-ea287031e770","flowSystemMetadata":{"swaggerOperationId":"CreateAnApproval"}},"type":"ApiConnection","inputs":{"host":{"connection":{"name":"@json(decodeBase64(triggerOutputs().headers['X-MS-APIM-Tokens']))['$connections']['shared_approvals']['connectionId']"},"api":{"runtimeUrl":"https://flow-apim-europe-001-westeurope-01.azure-apim.net/apim/approvals"}},"method":"post","body":{"responseOptions":["Approve","Reject"],"title":"@{outputs('FlowVersion')} for @{body('Get_file_properties')?['{Name}']} @{body('Get_file_properties')?['{VersionNumber}']}","assignedTo":"@{join(body('Get_email_addresses'),';')}","details":"@triggerBody()['text_6']","itemLink":"@{replace(body('Get_file_properties')?['{Link}'],' ','%20')}","itemLinkDescription":"@body('Get_file_properties')?['{Name}']","requestor":"@{outputs('Get_user_email')}","enableNotifications":true,"enableReassignment":false},"path":"/types/@{encodeURIComponent('CustomResponseAwaitAll')}","authentication":{"type":"Raw","value":"@json(decodeBase64(triggerOutputs().headers['X-MS-APIM-Tokens']))['$ConnectionKey']"}}},"Set_content_approval_status_and_log_as_appropriate":{"actions":{"Set_content_approval_status_to_Approved":{"runAfter":{},"metadata":{"flowSystemMetadata":{"swaggerOperationId":"SetApprovalStatus"},"operationMetadataId":"0daa2d9d-27fa-4016-8021-bfa6e4c4f22c"},"type":"ApiConnection","inputs":{"host":{"connection":{"name":"@json(decodeBase64(triggerOutputs().headers['X-MS-APIM-Tokens']))['$connections']['shared_sharepointonline']['connectionId']"},"api":{"runtimeUrl":"https://flow-apim-europe-001-westeurope-01.azure-apim.net/apim/sharepointonline"}},"method":"post","path":"/datasets/@{encodeURIComponent(encodeURIComponent('https://SITE_NAME.sharepoint.com/sites/TEAM_NAME'))}/tables/@{encodeURIComponent(encodeURIComponent('eTMF_GUID'))}/items/@{encodeURIComponent(encodeURIComponent(triggerBody()?['entity']?['ID']))}/setapprovalstatus","queries":{"approvalAction":"Approve","comments":"@{body('Get_file_properties')?['Comments']}\n@{body('Approval_response_data_as_text')}","entityTag":"@variables('ETag')"},"authentication":{"type":"Raw","value":"@json(decodeBase64(triggerOutputs().headers['X-MS-APIM-Tokens']))['$ConnectionKey']"}}},"Log_approval":{"runAfter":{"Get_file_properties_following_approval":["Succeeded"]},"metadata":{"flowSystemMetadata":{"swaggerOperationId":"PostItem"},"operationMetadataId":"a6a88f01-0818-43ac-80d2-860b8ad03b90"},"type":"ApiConnection","inputs":{"host":{"connection":{"name":"@json(decodeBase64(triggerOutputs().headers['X-MS-APIM-Tokens']))['$connections']['shared_sharepointonline']['connectionId']"},"api":{"runtimeUrl":"https://flow-apim-europe-001-westeurope-01.azure-apim.net/apim/sharepointonline"}},"method":"post","body":{"Title":"@body('Get_file_properties')?['{Name}']","Document_x0020_version":"@{body('Get_file_properties')?['{VersionNumber}']} -> @{body('Get_file_properties_following_approval')?['{VersionNumber}']}","Approvers":"@{join(body('Get_email_addresses'),';')}","Folder":"@body('Get_file_properties_following_approval')?['{Path}']","Approval_x0020_Status":"Approved","Approval_x0020_Date":"@{utcNow()}","Tags":"@{join(body('Get_DocType_tags'),', ')}","Comments":"@{body('Get_file_properties')?['Comments']}\n@{outputs('FlowVersion')}\n@{body('Approval_response_data_as_text')}","System":"@{join(body('Get_system_tags'),', ')}","System_x0020_Version":"@body('Get_file_properties')?['System_x0020_Version']"},"path":"/datasets/@{encodeURIComponent(encodeURIComponent('https://SITE_NAME.sharepoint.com/sites/TEAM_NAME'))}/tables/@{encodeURIComponent(encodeURIComponent('ApprovalLog_GUID'))}/items","authentication":{"type":"Raw","value":"@json(decodeBase64(triggerOutputs().headers['X-MS-APIM-Tokens']))['$ConnectionKey']"}}},"Get_file_properties_following_approval":{"runAfter":{"Set_approval_status_failed":["Skipped"]},"metadata":{"flowSystemMetadata":{"swaggerOperationId":"GetFileItem"},"operationMetadataId":"2a32e944-c1fa-4357-8089-0a2fafc6229f"},"type":"ApiConnection","inputs":{"host":{"connection":{"name":"@json(decodeBase64(triggerOutputs().headers['X-MS-APIM-Tokens']))['$connections']['shared_sharepointonline']['connectionId']"},"api":{"runtimeUrl":"https://flow-apim-europe-001-westeurope-01.azure-apim.net/apim/sharepointonline"}},"method":"get","path":"/datasets/@{encodeURIComponent(encodeURIComponent('https://SITE_NAME.sharepoint.com/sites/TEAM_NAME'))}/tables/@{encodeURIComponent(encodeURIComponent('eTMF_GUID'))}/items/@{encodeURIComponent(triggerBody()?['entity']?['ID'])}/getfileitem","authentication":{"type":"Raw","value":"@json(decodeBase64(triggerOutputs().headers['X-MS-APIM-Tokens']))['$ConnectionKey']"}}},"Copy_approved_file_to_DocCopies":{"runAfter":{"Log_approval":["Succeeded"]},"metadata":{"flowSystemMetadata":{"swaggerOperationId":"CopyFileAsync"},"operationMetadataId":"7d406005-61a0-42c3-8d68-42224c3a51db"},"type":"ApiConnection","inputs":{"host":{"connection":{"name":"@json(decodeBase64(triggerOutputs().headers['X-MS-APIM-Tokens']))['$connections']['shared_sharepointonline']['connectionId']"},"api":{"runtimeUrl":"https://flow-apim-europe-001-westeurope-01.azure-apim.net/apim/sharepointonline"}},"method":"post","body":{"sourceFileId":"@body('Get_file_properties_following_approval')?['{Identifier}']","destinationDataset":"https://SITE_NAME.sharepoint.com/sites/TEAM_NAME","destinationFolderPath":"/eTMF Copies","nameConflictBehavior":2},"path":"/datasets/@{encodeURIComponent(encodeURIComponent('https://SITE_NAME.sharepoint.com/sites/TEAM_NAME'))}/copyFileAsync","authentication":{"type":"Raw","value":"@json(decodeBase64(triggerOutputs().headers['X-MS-APIM-Tokens']))['$ConnectionKey']"}}},"Update_file_metadata_properties_in_DocCopies":{"runAfter":{"Check_out_file_in_DocCopies":["Succeeded"]},"metadata":{"flowSystemMetadata":{"swaggerOperationId":"PatchFileItem"},"operationMetadataId":"8e95b401-1e2e-40f7-8168-5cbf21743411"},"type":"ApiConnection","inputs":{"host":{"connection":{"name":"@json(decodeBase64(triggerOutputs().headers['X-MS-APIM-Tokens']))['$connections']['shared_sharepointonline']['connectionId']"},"api":{"runtimeUrl":"https://flow-apim-europe-001-westeurope-01.azure-apim.net/apim/sharepointonline"}},"method":"patch","body":{"Title":"@{body('Get_file_properties')?['{Name}']} (v@{body('Get_file_properties_following_approval')?['{VersionNumber}']})","OData__Comments":"@{body('Get_file_properties_following_approval')?['OData__Comments']}\n@{outputs('FlowVersion')}\n@{body('Approval_response_data_as_text')}","Tags":"@{join(body('Get_DocType_tags'),', ')}","System":"@{join(body('Get_system_tags'),', ')}","System_x0020_Version":"@body('Get_file_properties')?['System_x0020_Version']"},"path":"/datasets/@{encodeURIComponent(encodeURIComponent('https://SITE_NAME.sharepoint.com/sites/TEAM_NAME'))}/tables/@{encodeURIComponent(encodeURIComponent('DocCopies_GUID'))}/items/@{encodeURIComponent(body('Copy_approved_file_to_DocCopies')?['ItemId'])}/patchfileitem","authentication":{"type":"Raw","value":"@json(decodeBase64(triggerOutputs().headers['X-MS-APIM-Tokens']))['$ConnectionKey']"}}},"Check_out_file_in_DocCopies":{"runAfter":{"Copy_approved_file_to_DocCopies":["Succeeded"]},"metadata":{"flowSystemMetadata":{"swaggerOperationId":"CheckOutFile"},"operationMetadataId":"8e8b507d-b612-4152-a311-c196c88049d5"},"type":"ApiConnection","inputs":{"host":{"connection":{"name":"@json(decodeBase64(triggerOutputs().headers['X-MS-APIM-Tokens']))['$connections']['shared_sharepointonline']['connectionId']"},"api":{"runtimeUrl":"https://flow-apim-europe-001-westeurope-01.azure-apim.net/apim/sharepointonline"}},"method":"post","path":"/datasets/@{encodeURIComponent(encodeURIComponent('https://SITE_NAME.sharepoint.com/sites/TEAM_NAME'))}/tables/@{encodeURIComponent(encodeURIComponent('DocCopies_GUID'))}/items/@{encodeURIComponent(encodeURIComponent(body('Copy_approved_file_to_DocCopies')?['ItemId']))}/checkoutfile","authentication":{"type":"Raw","value":"@json(decodeBase64(triggerOutputs().headers['X-MS-APIM-Tokens']))['$ConnectionKey']"}}},"Check_in_file_in_DocCopies":{"runAfter":{"Update_file_metadata_properties_in_DocCopies":["Succeeded"]},"metadata":{"flowSystemMetadata":{"swaggerOperationId":"CheckInFile"},"operationMetadataId":"179f983f-8641-4730-a12b-6acfe9ffa7fc"},"type":"ApiConnection","inputs":{"host":{"connection":{"name":"@json(decodeBase64(triggerOutputs().headers['X-MS-APIM-Tokens']))['$connections']['shared_sharepointonline']['connectionId']"},"api":{"runtimeUrl":"https://flow-apim-europe-001-westeurope-01.azure-apim.net/apim/sharepointonline"}},"method":"post","body":{"comment":"Auto check in","checkinType":2},"path":"/datasets/@{encodeURIComponent(encodeURIComponent('https://SITE_NAME.sharepoint.com/sites/TEAM_NAME'))}/tables/@{encodeURIComponent(encodeURIComponent('DocCopies_GUID'))}/items/@{encodeURIComponent(encodeURIComponent(body('Copy_approved_file_to_DocCopies')?['ItemId']))}/checkinfile","authentication":{"type":"Raw","value":"@json(decodeBase64(triggerOutputs().headers['X-MS-APIM-Tokens']))['$ConnectionKey']"}}},"Set_approval_status_failed":{"actions":{"Un-publish_the_document_when_set_approval_status_failed":{"runAfter":{"Notify_approvers_that_flow_has_failed":["Succeeded"]},"metadata":{"operationMetadataId":"96262f36-731a-411e-9e2a-326fa02aacbb","flowSystemMetadata":{"swaggerOperationId":"HttpRequest"}},"type":"ApiConnection","inputs":{"host":{"connection":{"name":"@json(decodeBase64(triggerOutputs().headers['X-MS-APIM-Tokens']))['$connections']['shared_sharepointonline']['connectionId']"},"api":{"runtimeUrl":"https://flow-apim-europe-001-westeurope-01.azure-apim.net/apim/sharepointonline"}},"method":"post","body":{"method":"POST","uri":"_api/web/GetFileByServerRelativePath(DecodedUrl=@a1)/UnPublish?@a1='/sites/TEAM_NAME/@{body('Get_file_properties')?['{Path}']}@{body('Get_file_properties')?['{FilenameWithExtension}']}'"},"path":"/datasets/@{encodeURIComponent(encodeURIComponent('https://SITE_NAME.sharepoint.com/sites/TEAM_NAME'))}/httprequest","authentication":{"type":"Raw","value":"@json(decodeBase64(triggerOutputs().headers['X-MS-APIM-Tokens']))['$ConnectionKey']"}}},"End_flow_due_to_failure_to_set_approval":{"runAfter":{"Un-publish_the_document_when_set_approval_status_failed":["Succeeded","Failed","Skipped","TimedOut"]},"metadata":{"operationMetadataId":"50d52c2d-1bec-467d-9c45-c72b1fbee065"},"type":"Terminate","inputs":{"runStatus":"Cancelled"}},"Notify_approval_starter_that_flow_has_failed":{"runAfter":{},"metadata":{"operationMetadataId":"598b6437-ebd7-47c0-a754-ad365d7e7301","flowSystemMetadata":{"swaggerOperationId":"SendEmailV3"}},"type":"ApiConnection","inputs":{"host":{"connection":{"name":"@json(decodeBase64(triggerOutputs().headers['X-MS-APIM-Tokens']))['$connections']['shared_sendmail']['connectionId']"},"api":{"runtimeUrl":"https://flow-apim-europe-001-westeurope-01.azure-apim.net/apim/sendmail"}},"method":"post","body":{"to":"@{outputs('Get_user_email')};","subject":"@{concat(outputs('SubjectPrefix'), ' Approval has failed')}","text":"@{concat('<p>The approval request for <b>', body('Get_file_properties')?['{Name}'], '</b> has failed.</p><p>You will need to re-run the approval flow for this document.</p>', outputs('EmailFooter'))}","ishtml":true},"path":"/v3/mail/send","queries":{"api-version":"2016-06-01","sp":"/triggers/manual/run","sv":1,"sig":"yjId1e9AoYJDVr2FaJ0hDG5R34kgXxt5AhU_GvwLAkk"},"authentication":{"type":"Raw","value":"@json(decodeBase64(triggerOutputs().headers['X-MS-APIM-Tokens']))['$ConnectionKey']"},"uri":"https://prod-98.westeurope.logic.azure.com:443/workflows/38dd31c6772048c5968c313fe66f745f/triggers/manual/paths/invoke?api-version=2016-06-01&sp=%2Ftriggers%2Fmanual%2Frun&sv=1.0&sig=yjId1e9AoYJDVr2FaJ0hDG5R34kgXxt5AhU_GvwLAkk"}},"Notify_approvers_that_flow_has_failed":{"runAfter":{"Notify_approval_starter_that_flow_has_failed":["Succeeded"]},"metadata":{"operationMetadataId":"00eb88d8-2161-49f7-b84c-7af98981b34e","flowSystemMetadata":{"swaggerOperationId":"SendEmailV3"}},"type":"ApiConnection","inputs":{"host":{"connection":{"name":"@json(decodeBase64(triggerOutputs().headers['X-MS-APIM-Tokens']))['$connections']['shared_sendmail']['connectionId']"},"api":{"runtimeUrl":"https://flow-apim-europe-001-westeurope-01.azure-apim.net/apim/sendmail"}},"method":"post","body":{"to":"@{join(body('Get_email_addresses'), ';')};","subject":"@{concat(outputs('SubjectPrefix'), ' Approval flow failed for ', body('Get_file_properties')?['{Name}'])}","text":"@{concat('<p>Hello</p><p>The approval flow for <b>', body('Get_file_properties')?['{Name}'], '</b> has failed.</p><p>If necessary, a new approval request will be sent to you.</p>', outputs('EmailFooter'))}","ishtml":true},"path":"/v3/mail/send","queries":{"api-version":"2016-06-01","sp":"/triggers/manual/run","sv":1,"sig":"yjId1e9AoYJDVr2FaJ0hDG5R34kgXxt5AhU_GvwLAkk"},"authentication":{"type":"Raw","value":"@json(decodeBase64(triggerOutputs().headers['X-MS-APIM-Tokens']))['$ConnectionKey']"},"uri":"https://prod-98.westeurope.logic.azure.com:443/workflows/38dd31c6772048c5968c313fe66f745f/triggers/manual/paths/invoke?api-version=2016-06-01&sp=%2Ftriggers%2Fmanual%2Frun&sv=1.0&sig=yjId1e9AoYJDVr2FaJ0hDG5R34kgXxt5AhU_GvwLAkk"}}},"runAfter":{"Set_content_approval_status_to_Approved":["Failed"]},"metadata":{"operationMetadataId":"141751cb-ac52-42a5-869d-2ffac3de38f0"},"type":"Scope"}},"runAfter":{"Approval_response_data_as_text":["Succeeded"]},"else":{"actions":{"Set_content_approval_status_to_Reject":{"runAfter":{},"metadata":{"flowSystemMetadata":{"swaggerOperationId":"SetApprovalStatus"},"operationMetadataId":"52331863-6765-4b92-966b-97f20f63d24f"},"type":"ApiConnection","inputs":{"host":{"connection":{"name":"@json(decodeBase64(triggerOutputs().headers['X-MS-APIM-Tokens']))['$connections']['shared_sharepointonline']['connectionId']"},"api":{"runtimeUrl":"https://flow-apim-europe-001-westeurope-01.azure-apim.net/apim/sharepointonline"}},"method":"post","path":"/datasets/@{encodeURIComponent(encodeURIComponent('https://SITE_NAME.sharepoint.com/sites/TEAM_NAME'))}/tables/@{encodeURIComponent(encodeURIComponent('eTMF_GUID'))}/items/@{encodeURIComponent(encodeURIComponent(triggerBody()?['entity']?['ID']))}/setapprovalstatus","queries":{"approvalAction":"Reject","comments":"@{body('Get_file_properties')?['Comments']}\n@{body('Approval_response_data_as_text')}","entityTag":"@variables('ETag')"},"authentication":{"type":"Raw","value":"@json(decodeBase64(triggerOutputs().headers['X-MS-APIM-Tokens']))['$ConnectionKey']"}}},"Log_rejection":{"runAfter":{"Set_content_approval_status_to_Reject":["Succeeded","Failed"]},"metadata":{"flowSystemMetadata":{"swaggerOperationId":"PostItem"},"operationMetadataId":"b718b910-a29b-4fb8-b117-4d420f7666ff"},"type":"ApiConnection","inputs":{"host":{"connection":{"name":"@json(decodeBase64(triggerOutputs().headers['X-MS-APIM-Tokens']))['$connections']['shared_sharepointonline']['connectionId']"},"api":{"runtimeUrl":"https://flow-apim-europe-001-westeurope-01.azure-apim.net/apim/sharepointonline"}},"method":"post","body":{"Title":"@body('Get_file_properties')?['{Name}']","Document_x0020_version":"@body('Get_file_properties')?['{VersionNumber}']","Approvers":"@{join(body('Get_email_addresses'),';')}","Folder":"@body('Get_file_properties')?['{Path}']","Approval_x0020_Status":"Rejected","Approval_x0020_Date":"@{utcNow()}","Tags":"@{join(body('Get_DocType_tags'),', ')}","Comments":"@{body('Get_file_properties')?['Comments']}\n@{outputs('FlowVersion')}\n@{body('Approval_response_data_as_text')}","System":"@{join(body('Get_system_tags'),', ')}","System_x0020_Version":"@body('Get_file_properties')?['System_x0020_Version']"},"path":"/datasets/@{encodeURIComponent(encodeURIComponent('https://SITE_NAME.sharepoint.com/sites/TEAM_NAME'))}/tables/@{encodeURIComponent(encodeURIComponent('ApprovalLog_GUID'))}/items","authentication":{"type":"Raw","value":"@json(decodeBase64(triggerOutputs().headers['X-MS-APIM-Tokens']))['$ConnectionKey']"}}}}},"expression":{"and":[{"not":{"contains":["@body('Wait_for_approval')?['outcome']","Reject"]}},{"contains":["@body('Wait_for_approval')?['outcome']","Approve"]}]},"metadata":{"operationMetadataId":"371dc6ca-320e-4d28-bee7-1381d7e9b5e9"},"type":"If"},"Successful_end_of_flow":{"runAfter":{"Notify_approval_starter_of_approval_response":["Succeeded"]},"metadata":{"operationMetadataId":"1881ee88-7617-4419-99cd-7454580eed23"},"type":"Terminate","inputs":{"runStatus":"Succeeded"}},"Get_email_addresses":{"runAfter":{"Initialize_FileWarnings":["Succeeded"]},"metadata":{"operationMetadataId":"f3063735-cb3e-4a45-aa22-f3cc3b25d027"},"type":"Query","inputs":{"from":"@split(toLower(triggerBody()['text']),decodeBase64('Cg=='))","where":"@not(equals(item(), ''))"}},"Initialize_ApprovalStatus":{"runAfter":{"Approval_request_message":["Succeeded"]},"metadata":{"operationMetadataId":"657cf13d-d678-4653-a398-a8249e59110e"},"type":"InitializeVariable","inputs":{"variables":[{"name":"ApprovalStatus","type":"string","value":"Pending"}]}},"FlowVersion":{"runAfter":{},"metadata":{"operationMetadataId":"f3ffb734-a17c-4298-8ea7-ee8d68f2719c"},"type":"Compose","inputs":"eTMF - Approval Flow [v3.5 06.05.22]"},"SubjectPrefix":{"runAfter":{"FlowVersion":["Succeeded"]},"metadata":{"operationMetadataId":"09d52fe5-ad1f-4be0-be60-e10200afd7cb"},"type":"Compose","inputs":"[eTMF-Approval]"},"Get_system_tags":{"runAfter":{"Check_the_condition_is_satisfied_for_the_approval_flow":["Succeeded"]},"metadata":{"operationMetadataId":"87bcbc8b-30d4-4d8c-a92b-3555a12583fd"},"type":"Select","inputs":{"from":"@body('Get_file_properties')?['Trial']","select":"@item()?['Label']"}},"Get_DocType_tags":{"runAfter":{"Get_system_tags":["Succeeded"]},"metadata":{"operationMetadataId":"ea22982f-39f0-4ba4-8929-cc8e6a1696dd"},"type":"Select","inputs":{"from":"@body('Get_file_properties')?['DocType']","select":"@item()?['Label']"}},"Initialize_ETag":{"runAfter":{"Get_file_metadata":["Succeeded"]},"metadata":{"operationMetadataId":"91d89ff7-1c57-44a5-bc6e-54e1df926f22"},"type":"InitializeVariable","inputs":{"variables":[{"name":"ETag","type":"string","value":"@body('Get_file_metadata')?['ETag']"}]}},"Approval_request_message":{"runAfter":{"Get_approver_names":["Succeeded"]},"metadata":{"operationMetadataId":"d955e5c4-9b24-4143-93de-4fe9c3216fd1"},"type":"Compose","inputs":"@concat('<p style=\"border-left:solid 2px #000000;padding-left:15px\">',replace(replace(replace(replace(triggerBody()['text_6'],'&','&amp;'),'<','&lt;'),'>','&gt;'),decodeBase64('Cg=='),'<br>'),'<p>Document for approval: <a href=\"',replace(body('Get_file_properties')?['{Link}'],' ','%20'),'\">',body('Get_file_properties')?['{Name}'],'</a></p><p>Please <a href=\"',body('Create_approval')?['respondLink'],'\">submit your response</a>.</p>')"},"Handle_approval_flow_cancellation":{"actions":{"End_flow_due_to_cancellation":{"runAfter":{"Notify_approvers_that_the_flow_has_been_cancelled":["Succeeded","Failed","Skipped","TimedOut"]},"metadata":{"operationMetadataId":"e242b0db-ae6f-4a3a-98a3-14692e971a14"},"type":"Terminate","inputs":{"runStatus":"Cancelled"}},"Set_ApprovalStatus_to_Cancelled":{"runAfter":{},"metadata":{"operationMetadataId":"cf107461-e858-44a9-a1df-ff42c84886c5"},"type":"SetVariable","inputs":{"name":"ApprovalStatus","value":"Cancelled"}},"Get_file_metadata_to_check_for_approval":{"runAfter":{"Set_ApprovalStatus_to_Cancelled":["Succeeded"]},"metadata":{"operationMetadataId":"92d1acba-acc5-4409-b0dd-4d24cc01739b","flowSystemMetadata":{"swaggerOperationId":"GetFileMetadata"}},"type":"ApiConnection","inputs":{"host":{"connection":{"name":"@json(decodeBase64(triggerOutputs().headers['X-MS-APIM-Tokens']))['$connections']['shared_sharepointonline_1']['connectionId']"},"api":{"runtimeUrl":"https://flow-apim-europe-001-westeurope-01.azure-apim.net/apim/sharepointonline"}},"method":"get","path":"/datasets/@{encodeURIComponent(encodeURIComponent('https://SITE_NAME.sharepoint.com/sites/TEAM_NAME'))}/files/@{encodeURIComponent(body('Get_file_properties')?['{Identifier}'])}","authentication":{"type":"Raw","value":"@json(decodeBase64(triggerOutputs().headers['X-MS-APIM-Tokens']))['$ConnectionKey']"}}},"Check_ETag_has_not_changed":{"actions":{"Un-publish_the_document_following_flow_cancellation":{"runAfter":{},"metadata":{"operationMetadataId":"117983c5-696e-405f-9e62-07ac70a53285","flowSystemMetadata":{"swaggerOperationId":"HttpRequest"}},"type":"ApiConnection","inputs":{"host":{"connection":{"name":"@json(decodeBase64(triggerOutputs().headers['X-MS-APIM-Tokens']))['$connections']['shared_sharepointonline']['connectionId']"},"api":{"runtimeUrl":"https://flow-apim-europe-001-westeurope-01.azure-apim.net/apim/sharepointonline"}},"method":"post","body":{"method":"POST","uri":"_api/web/GetFileByServerRelativePath(DecodedUrl=@a1)/UnPublish?@a1='/sites/TEAM_NAME/@{body('Get_file_properties')?['{Path}']}@{body('Get_file_properties')?['{FilenameWithExtension}']}'"},"path":"/datasets/@{encodeURIComponent(encodeURIComponent('https://SITE_NAME.sharepoint.com/sites/TEAM_NAME'))}/httprequest","authentication":{"type":"Raw","value":"@json(decodeBase64(triggerOutputs().headers['X-MS-APIM-Tokens']))['$ConnectionKey']"}}}},"runAfter":{"Get_file_metadata_to_check_for_approval":["Succeeded"]},"expression":{"equals":["@variables('ETag')","@body('Get_file_metadata_to_check_for_approval')?['ETag']"]},"metadata":{"operationMetadataId":"860dc2cb-4888-44c1-917e-eea22512e249"},"type":"If"},"Notify_approval_starter_that_the_flow_has_been_cancelled":{"runAfter":{"Check_ETag_has_not_changed":["Succeeded"]},"metadata":{"operationMetadataId":"46e19a2b-9c02-4296-9e16-e3d24c304c44","flowSystemMetadata":{"swaggerOperationId":"SendEmailV3"}},"type":"ApiConnection","inputs":{"host":{"connection":{"name":"@json(decodeBase64(triggerOutputs().headers['X-MS-APIM-Tokens']))['$connections']['shared_sendmail']['connectionId']"},"api":{"runtimeUrl":"https://flow-apim-europe-001-westeurope-01.azure-apim.net/apim/sendmail"}},"method":"post","body":{"to":"@{outputs('Get_user_email')};","subject":"@{concat(outputs('SubjectPrefix'),' Approval cancelled')}","text":"@{concat('<p>The approval request for <b>',body('Get_file_properties')?['{Name}'],'</b> has been cancelled.</p><p>To complete the approval for this document, you will need to re-run the approval flow.</p>',outputs('EmailFooter'))}","ishtml":true},"path":"/v3/mail/send","queries":{"api-version":"2016-06-01","sp":"/triggers/manual/run","sv":1,"sig":"yjId1e9AoYJDVr2FaJ0hDG5R34kgXxt5AhU_GvwLAkk"},"authentication":{"type":"Raw","value":"@json(decodeBase64(triggerOutputs().headers['X-MS-APIM-Tokens']))['$ConnectionKey']"},"uri":"https://prod-98.westeurope.logic.azure.com:443/workflows/38dd31c6772048c5968c313fe66f745f/triggers/manual/paths/invoke?api-version=2016-06-01&sp=%2Ftriggers%2Fmanual%2Frun&sv=1.0&sig=yjId1e9AoYJDVr2FaJ0hDG5R34kgXxt5AhU_GvwLAkk"}},"Notify_approvers_that_the_flow_has_been_cancelled":{"runAfter":{"Notify_approval_starter_that_the_flow_has_been_cancelled":["Succeeded"]},"metadata":{"operationMetadataId":"272f2b1c-5c46-4ede-b4d6-7e58ae86513e","flowSystemMetadata":{"swaggerOperationId":"SendEmailV3"}},"type":"ApiConnection","inputs":{"host":{"connection":{"name":"@json(decodeBase64(triggerOutputs().headers['X-MS-APIM-Tokens']))['$connections']['shared_sendmail']['connectionId']"},"api":{"runtimeUrl":"https://flow-apim-europe-001-westeurope-01.azure-apim.net/apim/sendmail"}},"method":"post","body":{"to":"@{join(body('Get_email_addresses'),';')};","subject":"@{concat(outputs('SubjectPrefix'),' Approval flow cancelled for ',body('Get_file_properties')?['{Name}'])}","text":"@{concat('<p>The approval flow for <b>',body('Get_file_properties')?['{Name}'],'</b> has been cancelled.</p><p>If necessary, a new approval flow will be sent to you.</p>',outputs('EmailFooter'))}","ishtml":true},"path":"/v3/mail/send","queries":{"api-version":"2016-06-01","sp":"/triggers/manual/run","sv":1,"sig":"yjId1e9AoYJDVr2FaJ0hDG5R34kgXxt5AhU_GvwLAkk"},"authentication":{"type":"Raw","value":"@json(decodeBase64(triggerOutputs().headers['X-MS-APIM-Tokens']))['$ConnectionKey']"},"uri":"https://prod-98.westeurope.logic.azure.com:443/workflows/38dd31c6772048c5968c313fe66f745f/triggers/manual/paths/invoke?api-version=2016-06-01&sp=%2Ftriggers%2Fmanual%2Frun&sv=1.0&sig=yjId1e9AoYJDVr2FaJ0hDG5R34kgXxt5AhU_GvwLAkk"}}},"runAfter":{"Approval_flow_failed_or_timed_out":["Skipped"]},"expression":{"not":{"equals":["@length(body('Create_approval')?['approvers'])","@length(body('Wait_for_approval')?['responses'])"]}},"metadata":{"operationMetadataId":"f61b79c7-3721-418a-8285-0fa493203073"},"type":"If"},"Get_approval_response_data":{"runAfter":{"Set_ApprovalStatus_to_Completed":["Succeeded"]},"metadata":{"operationMetadataId":"1d87fee1-9d54-430f-838b-e621bcc7cacc"},"type":"Select","inputs":{"from":"@body('Wait_for_approval')?['responses']","select":{"Approver":"@replace(item()?['responder']?['displayName'],' (staff)','')","Email":"@if(contains(item()?['responder']?['userPrincipalName'],'@'),item()?['responder']?['userPrincipalName'],item()?['responder']?['email'])","Response":"@item()?['approverResponse']","Comments":"@item()?['comments']"}}},"Approval_response_data_as_HTML":{"runAfter":{"Get_approval_response_data":["Succeeded"]},"metadata":{"operationMetadataId":"0f2beffb-7ed3-44af-a7f3-ec5425080858"},"type":"Table","inputs":{"from":"@body('Get_approval_response_data')","format":"HTML"}},"Approval_response_data_items_as_text":{"runAfter":{"Approval_response_data_as_HTML":["Succeeded"]},"metadata":{"operationMetadataId":"ade05ffe-e722-46a3-af75-ac882882ed26"},"type":"Select","inputs":{"from":"@body('Get_approval_response_data')","select":"@concat(item()?['Approver'],': ',item()?['Response'],if(empty(item()?['Comments']),'',concat(' - ',item()?['Comments'])))"}},"Approval_response_data_as_text":{"runAfter":{"Approval_response_data_items_as_text":["Succeeded"]},"metadata":{"operationMetadataId":"28eb3e72-1556-4d28-9a59-298d166adf0f"},"type":"Join","inputs":{"from":"@body('Approval_response_data_items_as_text')","joinWith":"\n"}},"EmailFooter":{"runAfter":{"SubjectPrefix":["Succeeded"]},"metadata":{"operationMetadataId":"de3d7297-916f-44b5-9d9a-c613d193f87d"},"type":"Compose","inputs":"<p>&nbsp;</p><p style=\"font-size:x-small\">This is an automated message sent by @{outputs('FlowVersion')}</p>"},"Wait_for_approval":{"runAfter":{"Initialize_ApprovalStatus":["Succeeded"]},"limit":{"timeout":"P21D"},"metadata":{"operationMetadataId":"5f1f9a53-ff32-498e-8a6d-535b7b3a61ff","flowSystemMetadata":{"swaggerOperationId":"WaitForAnApproval"}},"type":"ApiConnectionWebhook","inputs":{"host":{"connection":{"name":"@json(decodeBase64(triggerOutputs().headers['X-MS-APIM-Tokens']))['$connections']['shared_approvals']['connectionId']"},"api":{"runtimeUrl":"https://flow-apim-europe-001-westeurope-01.azure-apim.net/apim/approvals"}},"body":{"notificationUrl":"@{listCallbackUrl()}"},"path":"/approvals/@{encodeURIComponent(body('Create_approval')?['name'])}/subscriptions","authentication":{"type":"Raw","value":"@json(decodeBase64(triggerOutputs().headers['X-MS-APIM-Tokens']))['$ConnectionKey']"}}},"Initialize_counter":{"runAfter":{"Notify_approval_starter_of_approvers_and_document":["Succeeded","Failed","Skipped"]},"metadata":{"operationMetadataId":"04ffa432-8dd7-47e9-9b14-6b909d0deb70"},"type":"InitializeVariable","inputs":{"variables":[{"name":"counter","type":"integer","value":"@mul(24,14)"}]}},"Do_until_approval_actioned":{"actions":{"Decrement_counter":{"runAfter":{},"metadata":{"operationMetadataId":"d5109a4a-287f-4144-8afd-5715675141d5"},"type":"DecrementVariable","inputs":{"name":"counter","value":1}},"Wait_1_hour":{"runAfter":{"Decrement_counter":["Succeeded"]},"metadata":{"operationMetadataId":"1410b764-34ac-4cb2-b680-a35368eb43c6"},"type":"Wait","inputs":{"interval":{"count":1,"unit":"Hour"}}},"If_reminder_required":{"actions":{"Notify_approval_starter_that_flow_is_still_awaiting_responses":{"runAfter":{},"metadata":{"operationMetadataId":"e89dee04-bbad-4f64-bce0-14ba76c8bebd","flowSystemMetadata":{"swaggerOperationId":"SendEmailV3"}},"type":"ApiConnection","inputs":{"host":{"connection":{"name":"@json(decodeBase64(triggerOutputs().headers['X-MS-APIM-Tokens']))['$connections']['shared_sendmail']['connectionId']"},"api":{"runtimeUrl":"https://flow-apim-europe-001-westeurope-01.azure-apim.net/apim/sendmail"}},"method":"post","body":{"to":"@{outputs('Get_user_email')};","subject":"@{concat(outputs('SubjectPrefix'),' Approval is awaiting responses')}","text":"@{concat('<p>The approval request for <b>',body('Get_file_properties')?['{Name}'],'</b> is still awaiting responses.</p>',outputs('EmailFooter'))}","ishtml":true},"path":"/v3/mail/send","queries":{"api-version":"2016-06-01","sp":"/triggers/manual/run","sv":1,"sig":"yjId1e9AoYJDVr2FaJ0hDG5R34kgXxt5AhU_GvwLAkk"},"authentication":{"type":"Raw","value":"@json(decodeBase64(triggerOutputs().headers['X-MS-APIM-Tokens']))['$ConnectionKey']"},"uri":"https://prod-98.westeurope.logic.azure.com:443/workflows/38dd31c6772048c5968c313fe66f745f/triggers/manual/paths/invoke?api-version=2016-06-01&sp=%2Ftriggers%2Fmanual%2Frun&sv=1.0&sig=yjId1e9AoYJDVr2FaJ0hDG5R34kgXxt5AhU_GvwLAkk"}}},"runAfter":{"Wait_1_hour":["Succeeded"]},"expression":{"and":[{"equals":["@mod(variables('counter'),mul(24,7))",0]},{"equals":["@variables('ApprovalStatus')","Pending"]}]},"metadata":{"operationMetadataId":"c61b5092-b082-4f09-9a70-6f91ccad9850"},"type":"If"}},"runAfter":{"Initialize_counter":["Succeeded"]},"expression":"@or(lessOrEquals(variables('counter'), 0),not(equals(variables('ApprovalStatus'),'Pending')))","limit":{"count":600,"timeout":"P22D"},"metadata":{"operationMetadataId":"76658898-756c-4903-984f-f2f30b285cd5"},"type":"Until"},"Approval_flow_failed_or_timed_out":{"actions":{"Set_ApprovalStatus_to_Failed":{"runAfter":{},"metadata":{"operationMetadataId":"330ebb80-5579-48ba-b5df-00df014a15e1"},"type":"SetVariable","inputs":{"name":"ApprovalStatus","value":"Failed"}},"End_flow_due_to_timeout":{"runAfter":{"Notify_approvers_that_flow_has_timed_out":["Succeeded","Failed","Skipped","TimedOut"]},"metadata":{"operationMetadataId":"be185a77-7929-4311-b40b-96f112a1d06d"},"type":"Terminate","inputs":{"runStatus":"Cancelled"}},"Un-publish_the_document_following_flow_timeout":{"runAfter":{"Set_ApprovalStatus_to_Failed":["Succeeded"]},"metadata":{"operationMetadataId":"a5e62069-fe52-4d94-ad4d-693251ca74a9","flowSystemMetadata":{"swaggerOperationId":"HttpRequest"}},"type":"ApiConnection","inputs":{"host":{"connection":{"name":"@json(decodeBase64(triggerOutputs().headers['X-MS-APIM-Tokens']))['$connections']['shared_sharepointonline']['connectionId']"},"api":{"runtimeUrl":"https://flow-apim-europe-001-westeurope-01.azure-apim.net/apim/sharepointonline"}},"method":"post","body":{"method":"POST","uri":"_api/web/GetFileByServerRelativePath(DecodedUrl=@a1)/UnPublish?@a1='/sites/TEAM_NAME/@{body('Get_file_properties')?['{Path}']}@{body('Get_file_properties')?['{FilenameWithExtension}']}'"},"path":"/datasets/@{encodeURIComponent(encodeURIComponent('https://SITE_NAME.sharepoint.com/sites/TEAM_NAME'))}/httprequest","authentication":{"type":"Raw","value":"@json(decodeBase64(triggerOutputs().headers['X-MS-APIM-Tokens']))['$ConnectionKey']"}}},"Notify_approval_starter_that_flow_has_timed_out":{"runAfter":{"Un-publish_the_document_following_flow_timeout":["Succeeded"]},"metadata":{"operationMetadataId":"07a7da90-7a51-4a7a-868c-33f498a64874","flowSystemMetadata":{"swaggerOperationId":"SendEmailV3"}},"type":"ApiConnection","inputs":{"host":{"connection":{"name":"@json(decodeBase64(triggerOutputs().headers['X-MS-APIM-Tokens']))['$connections']['shared_sendmail']['connectionId']"},"api":{"runtimeUrl":"https://flow-apim-europe-001-westeurope-01.azure-apim.net/apim/sendmail"}},"method":"post","body":{"to":"@{outputs('Get_user_email')};","subject":"@{concat(outputs('SubjectPrefix'),' Approval has timed out')}","text":"@{concat('<p>The approval request for <b>',body('Get_file_properties')?['{Name}'],'</b> has timed out.</p><p>You will need to re-run the approval flow for this document.</p>',outputs('EmailFooter'))}","ishtml":true},"path":"/v3/mail/send","queries":{"api-version":"2016-06-01","sp":"/triggers/manual/run","sv":1,"sig":"yjId1e9AoYJDVr2FaJ0hDG5R34kgXxt5AhU_GvwLAkk"},"authentication":{"type":"Raw","value":"@json(decodeBase64(triggerOutputs().headers['X-MS-APIM-Tokens']))['$ConnectionKey']"},"uri":"https://prod-98.westeurope.logic.azure.com:443/workflows/38dd31c6772048c5968c313fe66f745f/triggers/manual/paths/invoke?api-version=2016-06-01&sp=%2Ftriggers%2Fmanual%2Frun&sv=1.0&sig=yjId1e9AoYJDVr2FaJ0hDG5R34kgXxt5AhU_GvwLAkk"}},"Notify_approvers_that_flow_has_timed_out":{"runAfter":{"Notify_approval_starter_that_flow_has_timed_out":["Succeeded"]},"metadata":{"operationMetadataId":"eddd3394-8794-40b4-ae5b-796446926fbe","flowSystemMetadata":{"swaggerOperationId":"SendEmailV3"}},"type":"ApiConnection","inputs":{"host":{"connection":{"name":"@json(decodeBase64(triggerOutputs().headers['X-MS-APIM-Tokens']))['$connections']['shared_sendmail']['connectionId']"},"api":{"runtimeUrl":"https://flow-apim-europe-001-westeurope-01.azure-apim.net/apim/sendmail"}},"method":"post","body":{"to":"@{join(body('Get_email_addresses'),';')};","subject":"@{concat(outputs('SubjectPrefix'),' Approval flow timed out for ',body('Get_file_properties')?['{Name}'])}","text":"@{concat('<p>Hello</p><p>The approval flow for <b>',body('Get_file_properties')?['{Name}'],'</b> has timed out.</p><p>If necessary, a new approval request will be sent to you.</p>',outputs('EmailFooter'))}","ishtml":true},"path":"/v3/mail/send","queries":{"api-version":"2016-06-01","sp":"/triggers/manual/run","sv":1,"sig":"yjId1e9AoYJDVr2FaJ0hDG5R34kgXxt5AhU_GvwLAkk"},"authentication":{"type":"Raw","value":"@json(decodeBase64(triggerOutputs().headers['X-MS-APIM-Tokens']))['$ConnectionKey']"},"uri":"https://prod-98.westeurope.logic.azure.com:443/workflows/38dd31c6772048c5968c313fe66f745f/triggers/manual/paths/invoke?api-version=2016-06-01&sp=%2Ftriggers%2Fmanual%2Frun&sv=1.0&sig=yjId1e9AoYJDVr2FaJ0hDG5R34kgXxt5AhU_GvwLAkk"}}},"runAfter":{"Wait_for_approval":["Failed","TimedOut"]},"metadata":{"operationMetadataId":"1ae15f22-257d-4989-bcb5-0347577f966f"},"type":"Scope"},"Set_ApprovalStatus_to_Completed":{"runAfter":{"Handle_approval_flow_cancellation":["Succeeded"]},"metadata":{"operationMetadataId":"c466e60b-59a5-417a-90db-4355fc572c81"},"type":"SetVariable","inputs":{"name":"ApprovalStatus","value":"Completed"}},"Initialize_FileErrors":{"runAfter":{"Initialize_ETag":["Succeeded"]},"metadata":{"operationMetadataId":"5095a726-f69a-4273-b4e6-eb46d43b497e"},"type":"InitializeVariable","inputs":{"variables":[{"name":"FileErrors","type":"array"}]}},"Initialize_FileWarnings":{"runAfter":{"Initialize_FileErrors":["Succeeded"]},"metadata":{"operationMetadataId":"a9988530-9e9f-45bc-b5bf-37581fbc4538"},"type":"InitializeVariable","inputs":{"variables":[{"name":"FileWarnings","type":"array"}]}},"Confirm_the_file_is_valid":{"actions":{"Confirm_the_file_is_checked_in":{"actions":{},"runAfter":{},"else":{"actions":{"Append_to_FileErrors_(checked_out)":{"runAfter":{},"metadata":{"operationMetadataId":"80f18840-38b4-4dfa-8208-9ff7a9982a7e"},"type":"AppendToArrayVariable","inputs":{"name":"FileErrors","value":"@json('{\"Type\":\"Error\",\"Issue\":\"The file is currently checked out\",\"Resolution\":\"Check in the file\"}')"}}}},"expression":{"equals":["@body('Get_file_properties')?['{IsCheckedOut}']","@bool(false)"]},"metadata":{"operationMetadataId":"ac0a3504-fc32-47d5-b294-27ac5d3e06f0"},"type":"If"},"Confirm_the_file_has_draft_or_pending_status":{"actions":{},"runAfter":{"Confirm_the_file_is_checked_in":["Succeeded"]},"else":{"actions":{"Append_to_FileErrors_(not_draft_or_pending)":{"runAfter":{},"metadata":{"operationMetadataId":"e03d5be9-aa22-49a7-819e-fc5a8d348734"},"type":"AppendToArrayVariable","inputs":{"name":"FileErrors","value":"@json('{\"Type\":\"Error\",\"Issue\":\"The file cannot be sent for approval with its current status\",\"Resolution\":\"Ensure that the file status is Draft or Pending\"}')"}}}},"expression":{"or":[{"equals":["@body('Get_file_properties')?['{ModerationStatus}']","Draft"]},{"equals":["@body('Get_file_properties')?['{ModerationStatus}']","Pending"]}]},"metadata":{"operationMetadataId":"20e8de1c-d19b-43ab-929c-9d60e0506869"},"type":"If"}},"runAfter":{"Get_email_addresses":["Succeeded"]},"else":{"actions":{"Append_to_FileErrors_(invalid_file)":{"runAfter":{},"metadata":{"operationMetadataId":"fb41a94f-242e-431d-90ce-6fcc146e9ba9"},"type":"AppendToArrayVariable","inputs":{"name":"FileErrors","value":"@json('{\"Type\":\"Error\",\"Issue\":\"The file is not valid\",\"Resolution\":\"\"}')"}}}},"expression":{"not":{"equals":["@outputs('Get_file_properties')['statusCode']",404]}},"metadata":{"operationMetadataId":"d00bec34-3247-4288-8b43-67c6935ae2a7"},"type":"If"},"Get_approver_names":{"runAfter":{"Create_approval":["Succeeded"]},"metadata":{"operationMetadataId":"718189d1-6f1d-402b-a2d5-4557f5a03f49"},"type":"Select","inputs":{"from":"@body('Create_approval')?['approvers']","select":"@concat(replace(item()?['displayName'],' (staff)',''),' (',if(contains(item()?['userPrincipalName'],'@'),item()?['userPrincipalName'],item()?['email']),')')"}},"Get_user_email":{"runAfter":{"EmailFooter":["Succeeded"]},"metadata":{"operationMetadataId":"63a1b8b4-0c49-4484-9f6e-659349abcb3c"},"type":"Compose","inputs":"@toLower(triggerOutputs()['headers']['x-ms-user-email'])"},"Notify_approval_starter_of_approvers_and_document":{"runAfter":{"Initialize_ApprovalStatus":["Succeeded"]},"metadata":{"operationMetadataId":"8fceb571-e14c-4d19-b7e0-3198cf1dc7c7","flowSystemMetadata":{"swaggerOperationId":"SendEmailV3"}},"type":"ApiConnection","inputs":{"host":{"connection":{"name":"@json(decodeBase64(triggerOutputs().headers['X-MS-APIM-Tokens']))['$connections']['shared_sendmail']['connectionId']"},"api":{"runtimeUrl":"https://flow-apim-europe-001-westeurope-01.azure-apim.net/apim/sendmail"}},"method":"post","body":{"to":"@{outputs('Get_user_email')};","subject":"@{concat(outputs('SubjectPrefix'),' Approval request sent')}","text":"@{concat('<p>The approval request for <b>',body('Get_file_properties')?['{Name}'],'</b> has been sent to:</p><p>',join(body('Get_approver_names'),'<br>'),'</p>',outputs('EmailFooter'))}","ishtml":true},"path":"/v3/mail/send","authentication":{"type":"Raw","value":"@json(decodeBase64(triggerOutputs().headers['X-MS-APIM-Tokens']))['$ConnectionKey']"}}},"Notify_approval_starter_of_approval_response":{"runAfter":{"Set_content_approval_status_and_log_as_appropriate":["Succeeded"]},"metadata":{"operationMetadataId":"fadb0902-867f-456c-8a5a-6924edf9e9d3","flowSystemMetadata":{"swaggerOperationId":"SendEmailV3"}},"type":"ApiConnection","inputs":{"host":{"connection":{"name":"@json(decodeBase64(triggerOutputs().headers['X-MS-APIM-Tokens']))['$connections']['shared_sendmail']['connectionId']"},"api":{"runtimeUrl":"https://flow-apim-europe-001-westeurope-01.azure-apim.net/apim/sendmail"}},"method":"post","body":{"to":"@{outputs('Get_user_email')};","subject":"@{concat(outputs('SubjectPrefix'),' Approval response received')}","text":"@{concat('<p>The approval request for <b>',body('Get_file_properties')?['{Name}'],'</b> has been completed. The response is below:</p>',replace(body('Approval_response_data_as_HTML'),'<table>','<table border=\"1\" cellpadding=\"3\">'),outputs('EmailFooter'))}","ishtml":true},"path":"/v3/mail/send","authentication":{"type":"Raw","value":"@json(decodeBase64(triggerOutputs().headers['X-MS-APIM-Tokens']))['$ConnectionKey']"}}}},"outputs":{},"description":"This flow will send an approval request to the staff listed below.  At least one email address is mandatory, and you may include as many as required, each on its own line.  All must approve the document in order for the status be changed to approved."},"connectionReferences":{"shared_sharepointonline":{"connectionName":"shared-sharepointonl-abe8d19e-0a9d-497a-8906-9f73-72c4ce7d","source":"Invoker","id":"/providers/Microsoft.PowerApps/apis/shared_sharepointonline","tier":"NotSpecified"},"shared_sendmail":{"connectionName":"shared-sendmail-cc4ca1de-9023-4a5c-bbf4-6ce1-cf38643f","source":"Invoker","id":"/providers/Microsoft.PowerApps/apis/shared_sendmail","tier":"NotSpecified"},"shared_approvals":{"connectionName":"shared-approvals-2be2819c-83a8-45f6-b8aa-4438-e18ddf81","source":"Invoker","id":"/providers/Microsoft.PowerApps/apis/shared_approvals","tier":"NotSpecified"},"shared_sharepointonline_1":{"connectionName":"shared-sharepointonl-abe8d19e-0a9d-497a-8906-9f73-72c4ce7d","source":"Invoker","id":"/providers/Microsoft.PowerApps/apis/shared_sharepointonline","tier":"NotSpecified"}},"flowFailureAlertSubscribed":false,"isManaged":false}}