{"name":"ddf8bf6a-91d3-472a-9fd4-0ffa934c827c","id":"/providers/Microsoft.Flow/flows/ddf8bf6a-91d3-472a-9fd4-0ffa934c827c","type":"Microsoft.Flow/flows","properties":{"apiId":"/providers/Microsoft.PowerApps/apis/shared_logicflows","displayName":"STATIC TMF Permissions Report","definition":{"metadata":{"workflowEntityId":null,"processAdvisorMetadata":null,"flowChargedByPaygo":null,"flowclientsuspensionreason":"None","flowclientsuspensiontime":null,"flowclientsuspensionreasondetails":null,"creator":{"id":"657d2ecd-5acf-4c8e-ba85-b1441bbd3b12","type":"User","tenantId":"67bda7ee-fd80-41ef-ac91-358418290a1e"},"provisioningMethod":"FromDefinition","failureAlertSubscription":true,"clientLastModifiedTime":"2023-05-30T14:17:56.2975835Z"},"$schema":"https://schema.management.azure.com/providers/Microsoft.Logic/schemas/2016-06-01/workflowdefinition.json#","contentVersion":"1.0.0.0","parameters":{"$connections":{"defaultValue":{},"type":"Object"},"$authentication":{"defaultValue":{},"type":"SecureObject"}},"triggers":{"manual":{"metadata":{"operationMetadataId":"abe06a5c-6030-45f6-9f36-9d1b1e528b18"},"type":"Request","kind":"Button","inputs":{"schema":{"type":"object","properties":{},"required":[]}}}},"actions":{"Get_all_lists_and_libraries":{"runAfter":{"Initialize_variable_LibrariesAndLists":["Succeeded"]},"metadata":{"operationMetadataId":"9dc5d4d3-3f18-48e3-8a7d-104d12b6707a"},"type":"OpenApiConnection","inputs":{"host":{"apiId":"/providers/Microsoft.PowerApps/apis/shared_sharepointonline","connectionName":"shared_sharepointonline","operationId":"GetAllTables"},"parameters":{"dataset":"https://uniofnottm.sharepoint.com/sites/STATIC"},"authentication":{"value":"@json(decodeBase64(triggerOutputs().headers['X-MS-APIM-Tokens']))['$ConnectionKey']","type":"Raw"}}},"Select_Libraries":{"runAfter":{"Get_all_lists_and_libraries":["Succeeded"]},"metadata":{"operationMetadataId":"91fc8726-6171-4ecc-8fc1-850ad3394c5c"},"type":"Select","inputs":{"from":"@outputs('Get_all_lists_and_libraries')?['body/value']","select":"@item()?['DisplayName']"}},"Get_Groups_Info":{"runAfter":{"Set_variable_LibrariesAndLists":["Succeeded"]},"metadata":{"operationMetadataId":"e76a7a46-d018-44df-a9ca-c46f71521dc0"},"type":"OpenApiConnection","inputs":{"host":{"apiId":"/providers/Microsoft.PowerApps/apis/shared_sharepointonline","connectionName":"shared_sharepointonline","operationId":"HttpRequest"},"parameters":{"dataset":"https://uniofnottm.sharepoint.com/sites/STATIC","parameters/method":"GET","parameters/uri":"_api/web/sitegroups()"},"authentication":{"value":"@json(decodeBase64(triggerOutputs().headers['X-MS-APIM-Tokens']))['$ConnectionKey']","type":"Raw"}}},"Select_Groups":{"runAfter":{"Get_Groups_Info":["Succeeded"]},"metadata":{"operationMetadataId":"981f7c26-6346-4d3e-a2b8-efd8c2271fda"},"type":"Select","inputs":{"from":"@outputs('Get_Groups_Info')?['body']?['d']?['results']","select":{"ID":"@item()?['Id']","Title":"@item()?['Title']"}}},"Apply_to_each_Group":{"foreach":"@body('Select_Groups')","actions":{"Get_Group_ID":{"runAfter":{},"metadata":{"operationMetadataId":"0e5492c6-39a7-4380-a108-5559ee3d17f4"},"type":"Compose","inputs":"@items('Apply_to_each_Group')?['Id']"},"Get_Group_Name":{"runAfter":{"Get_Group_ID":["Succeeded"]},"metadata":{"operationMetadataId":"265a046a-6d0f-4ef1-aaaa-e70d44362627"},"type":"Compose","inputs":"@items('Apply_to_each_Group')?['Title']"},"Send_an_HTTP_request_to_SharePoint_Get_Group_Members":{"runAfter":{"Set_variable_GroupName":["Succeeded"]},"metadata":{"operationMetadataId":"f72cefd7-b75c-4638-bc5d-2e1725d12242"},"type":"OpenApiConnection","inputs":{"host":{"apiId":"/providers/Microsoft.PowerApps/apis/shared_sharepointonline","connectionName":"shared_sharepointonline","operationId":"HttpRequest"},"parameters":{"dataset":"https://uniofnottm.sharepoint.com/sites/STATIC","parameters/method":"GET","parameters/uri":"_api/web/sitegroups(@{outputs('Get_Group_ID')})/users"},"authentication":{"value":"@json(decodeBase64(triggerOutputs().headers['X-MS-APIM-Tokens']))['$ConnectionKey']","type":"Raw"}}},"Select_Group_Member_Names":{"runAfter":{"Send_an_HTTP_request_to_SharePoint_Get_Group_Members":["Succeeded"]},"metadata":{"operationMetadataId":"ac4f755d-ca55-4a3f-891a-c34da24dd456"},"type":"Select","inputs":{"from":"@body('Send_an_HTTP_request_to_SharePoint_Get_Group_Members')?['d']?['results']","select":"@item()?['Title']"}},"Compose_Group_Members_in_comma_list":{"runAfter":{"Select_Group_Member_Names":["Succeeded"]},"metadata":{"operationMetadataId":"878ad679-5699-4345-a263-8ace138ee9ab"},"type":"Compose","inputs":"@join(body('Select_Group_Member_Names'),', ')"},"Set_variable_GroupName":{"runAfter":{"Get_Group_Name":["Succeeded"]},"metadata":{"operationMetadataId":"784e478d-a59b-4f3c-bc49-ac3534d6e0da"},"type":"SetVariable","inputs":{"name":"GroupName","value":"@{outputs('Get_Group_Name')}"}},"Set_variable_Members":{"runAfter":{"Compose_Group_Members_in_comma_list":["Succeeded"]},"metadata":{"operationMetadataId":"28d28eab-847a-4daf-9537-d5efaa7d68f0"},"type":"SetVariable","inputs":{"name":"Members","value":"@{outputs('Compose_Group_Members_in_comma_list')}"}},"Create_item_row_in_permissions_report":{"runAfter":{"Set_variable_Members":["Succeeded"]},"metadata":{"operationMetadataId":"86db403a-0298-4233-b9ce-6bedb95f13ad"},"type":"OpenApiConnection","inputs":{"host":{"apiId":"/providers/Microsoft.PowerApps/apis/shared_sharepointonline","connectionName":"shared_sharepointonline","operationId":"PostItem"},"parameters":{"dataset":"https://uniofnottm.sharepoint.com/sites/STATIC","table":"6794601f-a9a6-47f6-ad8d-2fa1afc54713","item/Title":"Permissions Report","item/Reportdate":"@utcNow()","item/Groupname":"@variables('GroupName')","item/Members":"@variables('Members')","item/LibrariesandLists":"@variables('LibrariesAndLists')"},"authentication":{"value":"@json(decodeBase64(triggerOutputs().headers['X-MS-APIM-Tokens']))['$ConnectionKey']","type":"Raw"}}}},"runAfter":{"Select_Groups":["Succeeded"]},"metadata":{"operationMetadataId":"3f285124-64ae-41b3-8e0e-de2fc5d07363"},"type":"Foreach"},"Initialize_variable_GroupName":{"runAfter":{},"metadata":{"operationMetadataId":"2e86fe05-b1f0-4896-bed9-9bfabe7af12a"},"type":"InitializeVariable","inputs":{"variables":[{"name":"GroupName","type":"string","value":"@{null}"}]}},"Initialize_variable_Members":{"runAfter":{"Initialize_variable_GroupName":["Succeeded"]},"metadata":{"operationMetadataId":"7691aa93-2ca5-4996-ab6f-10a2b0d3a765"},"type":"InitializeVariable","inputs":{"variables":[{"name":"Members","type":"string","value":"@{null}"}]}},"Set_variable_LibrariesAndLists":{"runAfter":{"Compose_comma_list_of_lists_and_libraries":["Succeeded"]},"metadata":{"operationMetadataId":"e4c41f6e-a0a7-42c3-b785-6582a6c7fd34"},"type":"SetVariable","inputs":{"name":"LibrariesAndLists","value":"@{replace(outputs('Compose_comma_list_of_lists_and_libraries'), 'Approval Log, Approvals, Content and Structure Reports, Doc Copies, Documents, Permissions Report, Reusable Content, Site Collection Documents', '')}"}},"Initialize_variable_LibrariesAndLists":{"runAfter":{"Initialize_variable_Members":["Succeeded"]},"metadata":{"operationMetadataId":"e90bbfdc-642e-4303-83ed-f96e75263636"},"type":"InitializeVariable","inputs":{"variables":[{"name":"LibrariesAndLists","type":"string","value":"@{null}"}]}},"Compose_comma_list_of_lists_and_libraries":{"runAfter":{"Select_Libraries":["Succeeded"]},"metadata":{"operationMetadataId":"01115b54-0f7f-4125-9bd0-0dce7f80c5c6"},"type":"Compose","inputs":"@join(body('Select_Libraries'), ', ')"}}},"connectionReferences":{"shared_sharepointonline":{"connectionName":"shared-sharepointonl-0fbd0628-95c5-4681-a738-b6dd-36b0c547","source":"Invoker","id":"/providers/Microsoft.PowerApps/apis/shared_sharepointonline","tier":"NotSpecified"}},"flowFailureAlertSubscribed":false,"isManaged":false}}